Age,Income,Score,Category,Name,City
62,135.44683505688707,61.39108216988626,C,Andrew Thompson,Port Meganside
65,6.022532711369336,46.43559190274239,D,Elizabeth Ochoa,Maryhaven
71,93.07957799401203,47.96490107723089,C,Jasmine Ortiz,Anitashire
18,192.8309451818256,7.718052883017634,C,Grace Lowe,Kerrport
21,5.02782485217685,16.466652923623474,C,Tom Hill,West Megan
77,53.95586160855335,32.89371744129145,C,Kylie Morton,North Thomas
21,138.23551233196673,34.42622783789431,D,Rachel Clark,New Tonya
57,3.5516044325886393,11.748028306401151,A,Daniel Vargas,East Mark
27,24.00626123769506,30.759892968926284,C,Katherine Hernandez,Michaeltown
37,94.46387321975904,8.419708742432217,C,Anthony Stokes,South Rhonda
39,45.147217418426855,16.11552713458866,A,April Ruiz,West Charles
68,0.6859903070162636,25.287299524457467,A,Jason Johnson,Lake Yesenia
54,11.996010253221453,30.72956297651982,A,Adrian Hurley,Annetteborough
41,18.139369783284856,16.113880822259528,A,Matthew Powell,New Miguel
24,117.31713751252822,25.952275507854544,D,Elijah Hoffman,Rickyport
42,2.06985234729419,18.224692918885815,D,Ryan Gutierrez,Port Amanda
42,5.256641272560051,36.89655179212705,A,Alexandria Parker,East Andrewberg
30,7.240096672158766,4.862878782625457,A,William Jimenez,South Samuel
76,26.878049939538627,60.98354135755876,B,Sarah Atkins,South Lindashire
19,4.705602888411619,8.469765486554023,D,Christopher Alexander,New Brandon
56,99.72232118554751,13.56714585930229,B,Anthony Frederick,South Bonnie
57,123.91940679173165,18.56879517891355,A,Brian Miller,Evanshaven
41,111.84099818633332,63.93607496379224,D,Linda Parrish,East Tinaborough
64,249.03829331648845,24.112033185126087,D,David Edwards,Robertstad
42,41.165779631245066,29.00528039276536,D,Megan Myers,Cobbburgh
35,23.048633364303164,13.939366090516488,A,Kimberly Sutton,Lake William
55,21.41261459247912,26.958151923054203,C,Dana Williams,Sethfort
43,155.45831203114759,22.421703331594802,C,Keith Fisher,Taylorshire
31,104.52051398641962,43.8668595622897,D,Elizabeth Griffith,North Mariamouth
26,7.833413279734093,33.11664117772216,D,Elizabeth Hawkins,East Ian
27,16.544021041834448,12.169956372760657,D,Brandon Owens,Kellytown
38,5.218400205145809,8.756978764762101,D,Denise Watson,South Jackstad
69,363.56990123841797,20.8666508670834,A,Alex Patterson,Lifurt
34,27.05602644529181,6.9313150748441075,C,Melissa Lyons,North Michael
69,16.139813717524223,61.43539391848968,D,Gary Webster,New Cynthia
23,14.459162884246737,84.89097771037221,C,Linda Smith,Lanceport
33,282.51924030393843,59.453193622924886,A,Kelly Matthews,Taylortown
65,2.934804379602017,16.00233291795746,C,Jason Black,North Lisa
18,30.106472796864754,41.81647154166635,B,Dennis Johnson,Caitlintown
36,75.04199527261764,28.02058950184061,D,Thomas Phillips,Sheilamouth
53,20.32698696832197,13.753757730038355,B,David Liu,West Janet
42,102.8076101176418,69.40808553380107,C,James Murray,Wallaceton
67,22.611699604907198,37.877662523641284,B,Tiffany White,East Mary
69,67.29752751977377,32.10262472684537,A,Luis Huber,East Diana
47,43.75725284694347,30.70986623020214,A,Connie Montgomery,Lozanotown
37,16.594533357218438,25.418970838835126,A,Mrs. Tracy Hamilton,Lake Stevenport
37,5.688940254020747,48.86004061787559,A,Jordan Edwards,South Williamchester
32,9.554771839809177,17.546529450538106,B,Danielle Taylor,West Aaronville
57,16.353958738240262,68.85640708151527,D,Joseph Davis,Port Sarahside
50,88.33502982421427,1.7007086475405626,A,Amanda Stewart,North Christopherhaven
19,6.835813461826411,9.248783904780318,C,Jonathan Moore,Lake Michael
27,367.6209834029454,61.6230663941445,A,Russell Diaz,Stevenborough
75,27.95474538471081,16.390700860878145,B,Linda Guerrero,Lake Elizabeth
50,9.848879225028208,44.465793778194886,C,Troy Stanton,Lake Angelaborough
49,28.731123673580125,55.31754084836591,C,Gary Stokes,West Johnathan
28,36.90930377825206,26.724169617350224,C,Alexander Schmitt,West Josephstad
70,31.48427121246068,53.04060537107428,B,Victoria Jefferson,New Martin
41,56.64181887794873,15.390864399654266,D,James Barry,Lake Michaelberg
53,1.151705846525968,32.49833572477685,C,Laurie Mccormick,North Xavier
29,30.663299712203123,21.51055066797887,D,Kevin Jackson,New Katelyn
68,0.6495601165628146,23.6628806195794,A,Laura Powell,Lisaport
73,8.782743340565508,50.930860049279424,A,Steven Lee,North Kathleen
46,122.90737188245835,57.042693514174104,D,Alicia Moore,Davidbury
52,3.5690623023311177,41.02225944595417,B,Kelly Diaz,South Wayneland
18,25.3498774031893,16.942103461283487,D,Aaron Richards,Jonesmouth
18,7.783346721428007,37.96293732535278,B,Craig Ruiz,Santiagotown
54,1.3163213642366434,47.86590032130996,A,Joseph Johnson,East Michelemouth
71,15.149653363704065,59.20611848039521,A,Sandra Horton,East Nicholasberg
23,22.956475913713067,39.41349713567702,C,Samuel Serrano,Newmanview
56,1.8074357833878372,22.958074161827987,A,Harry Jones,Port Lori
58,6.949895466865628,32.04111522016034,A,Lisa Stevens,West Connie
70,0.7995895987056219,21.769539160712377,D,Laura Ritter,Davidbury
35,24.275209146455577,29.982227906991355,D,David Dixon,Lake Ronald
33,18.813154811624248,39.202429233623356,A,Miss Kimberly Jimenez,Port Taylor
22,91.75046252188193,23.03925882934,C,Monique Wilson,South Kennethshire
59,1.4718120371738541,37.20287515951608,C,John Dunn,Sandraborough
60,4.044218908385374,17.040976451352677,B,Scott Gibbs,Gardnerborough
76,240.57312562483676,52.77676385310145,C,Amanda Campbell,West Brandontown
49,72.08874761903373,27.25402993243085,A,Jessica Lyons,North David
74,157.03571245527112,39.70988050478044,B,Laurie Navarro,East Robertport
19,30.298911809062794,37.719162059577,A,Hannah Garcia,Cervantesside
19,36.807938551469014,40.98888160011727,A,Brittany Johnson,Fletcherport
57,4.220514413852144,46.06387014913819,D,Karen Dickerson,Philipside
59,131.64083067683063,20.741424890974987,A,Michelle Koch,North Deanna
75,10.986450867707761,23.092608599987518,A,Joseph Gregory,Johnsonmouth
53,2.0147129551869316,35.519923667365674,B,Dustin Tucker,West Jenniferburgh
56,204.25482059521295,20.42054008893766,B,Christina Beasley,North Linda
73,24.211312120734984,25.547535942874628,C,Ryan Edwards,Brooksmouth
29,27.38032725757845,40.067044328195465,C,Ryan Yates,Hendersonville
64,5.168115836672426,52.635892666900055,D,Kathleen Green,East Joelfurt
36,53.61062027186288,25.601666992923583,A,Michael Shields,North Christina
45,40.124879160821386,26.02324678355588,B,Erin Williams,Martinezmouth
18,1.6788569254073944,48.67102557518723,D,Thomas Walsh,Port Marissamouth
32,2.51394899395462,11.779056482681817,B,Dr. Alejandro Snyder,South David
53,39.13227069395804,23.990603178806865,D,Stacey Mullins,Abigailland
71,5.639849573436322,25.1551533395276,A,Laurie Hernandez,West Michelebury
30,76.7009839290789,48.40007152747046,A,Katherine Valdez,Cookhaven
75,35.878626175823086,35.040300262292746,D,Kyle Black,Javierville
60,19.931444139990003,26.71399020783208,D,Angela Lewis,Michaelbury
38,4.976814400451176,20.511270954895874,C,John Williams,West Teresastad
29,2.1359034572563536,13.796577176951248,A,Shannon Garcia,North Moniqueborough
22,40.57324675535806,47.68558065891586,B,Bonnie Hansen,West Jeffrey
24,28.03633151687483,25.820793096067106,C,Joshua Torres,South Kimberly
22,14.776384595746686,38.05833532432659,C,Andrew Ford,East Mollytown
65,18.73389997351373,59.30108852267257,D,Willie Bridges,Fredfurt
70,7.051034808814266,51.17156948214856,B,Jonathan Haynes,New Benjaminmouth
21,16.96152471917958,50.39253928440398,C,Gerald Mack,Lake Janeview
30,4.426471352314333,19.022710668635252,D,Chase Mcdowell,Karinaville
54,18.552403013845247,42.27232154081069,D,Daniel Cook,New Christopherton
70,33.099183448828995,25.974705291212143,C,Shelly Phelps,Taylorshire
58,7.587691201815325,44.953529042809784,B,Joshua Duncan MD,Port Stephanie
32,1.9845959651820195,45.52002185241376,C,Joseph Liu,South Eric
33,242.06117954521272,35.84437184914087,D,Kelly Pittman,Port Stephaniestad
38,4.687323168695684,42.66440597542227,C,Gina Gonzales,Ericfurt
53,139.5610924439111,36.92089300607457,B,Charlene Davis,New Jacob
76,4.912864334961825,23.49134245732828,A,Nicholas White,Lake Michaelville
41,3.258283898387463,26.027906404620893,D,Gabriela Mayo,New Jasonland
33,247.26761659212042,11.40001046508821,B,Brandon Martin,Lake Robert
31,388.8087884488017,12.62865789459727,C,Anthony Campbell,Berryhaven
71,3.4365976236731073,27.831201507497905,C,Angela Reyes,Markberg
39,138.26789439336454,36.812495713664326,B,Cindy Duncan,Port Maryborough
66,74.26651934223565,12.652083264048544,D,Cynthia Navarro,Janetburgh
67,4.57707457404399,24.891997452175936,B,Lisa Sharp,Lake Oliviaberg
23,23.108238464991054,2.535002615893572,B,Lisa Mills,Port Jeffreyhaven
59,1.7692186025477306,10.10648639666388,B,Kimberly Andrews,New Alyssa
53,1.7539333034622364,63.4925046173172,B,Carlos Romero,Lake Danielle
18,9.284364540735828,22.618407352971527,C,Samuel Cline,New Johnshire
49,32.11042065952108,43.88742410374694,B,Zoe Pope,New Anthony
23,209.9289010392731,18.224716937162704,A,Valerie Mooney,Colemouth
48,68.55615948279251,33.18971153087927,D,Katherine Lewis,New Joshuamouth
18,36.716444119074126,32.53000801348185,B,Travis Crosby,South Williammouth
67,23.976719470017667,55.5855118901774,A,Peter Orozco,Clarkton
68,21.18226252683098,12.063418017643453,C,Erica Fernandez,Port William
54,9.807509389568013,17.959131292632843,B,Ryan Cox,Johnnystad
52,51.18977246308276,38.75479647429544,B,Andrea Russell,Kevinmouth
66,0.49446217298652606,11.440562514846784,A,Arthur George,East Jessefurt
47,3.5834082301695096,6.169816273759066,B,Roy Long,Kellyfurt
21,9.473930048083655,27.387665428520435,A,Tanner White,Mcdanielchester
52,20.535173935166284,28.347154751607235,A,Richard Cook,West Melissa
60,11.172150636354981,36.38675191412501,D,Jocelyn Taylor,Michaelshire
31,11.216328664492192,38.51782105565756,B,Jacob Ramos,Williamsview
66,97.04870204088932,28.73844014549504,B,Alexandria Woodard MD,Shawnaview
57,19.142211432300915,11.758482706512861,D,Adam Gonzalez,West Douglasberg
39,18.697675319062,48.85218693853079,A,Edwin Rios,Williamsville
27,13.249841317818785,19.355906033148106,B,Sarah Grant,Brownborough
18,9.892685028239868,25.537772142701126,A,Evan Gonzalez Jr.,New Patrickton
28,15.210797613370152,16.759027756036495,C,Luke Douglas,Housestad
68,26.927022563420866,28.385716338921025,D,Elizabeth Williams,Jacobview
61,187.2743034898534,20.15210697663275,D,Mike Davis,East Shawn
76,32.696412110347154,14.48756328723921,A,Isabel Davis,East Barbara
41,3.3796985356462037,22.123876827036586,C,Diane Mosley,Ibarramouth
77,16.05272435057194,44.96258305319061,A,Shawna Richards,West Matthew
20,12.74331254007737,11.793214998047164,C,Chris Hill,North Raymondstad
75,2.612883605329073,40.45498382617733,A,Brittany Taylor,Whitehaven
52,0.812998492209941,4.086652738113737,C,Rachael Lambert,Jacksonport
53,36.64971486099357,30.187184491723706,A,Cynthia Anderson,Melissaland
48,57.989594144554744,38.9757471893674,C,James Butler,Port David
77,65.9509759306257,20.22929873032883,B,Erica Perez,Riversbury
21,14.152133316699876,35.91554431285444,C,Shane Chapman,Thomasstad
36,72.9385984926648,47.40014733557249,D,Jennifer Harrison,Mclaughlinfort
64,34.793159546979226,73.1654409454869,D,Michael Hamilton,Elizabethmouth
53,59.71807515051915,61.91242206423945,C,Benjamin Warren,Lake Rodney
38,20.63332903668481,55.77895313104688,C,Jason Hopkins,North Ashley
35,0.6516681181545095,18.705056693272265,D,Stephanie Lynch,Collinsmouth
68,2.1852545237326524,17.876986371222895,D,Andrew Olson,Hannahport
45,2.6384723335262628,49.15077626596809,A,James Taylor,Markmouth
32,19.232118262157144,50.23833904661112,D,Andres Dennis,New Shawnfort
59,1.5278343769421299,9.298753759608548,B,Gabriel Kemp,Annstad
76,3.563118392004459,48.85594988805736,B,Joe Smith,Port Jennifer
19,82.3967682992512,26.864824558117363,D,Wesley House,South Victoriaside
54,4.293960941220425,35.58752898403701,A,Mitchell Ellis,Bakerburgh
28,22.160329141140323,28.36669874803805,C,Amanda Hanson,Jessicabury
40,37.17756305589497,40.52772234477299,A,William Klein,Port Robert
61,3.4785114794913365,58.2493245898701,C,Gabriella King,Robinstad
58,1.1369947088304018,27.662565410958045,D,Edward Mcmillan,Santosfurt
29,22.417756679442807,22.285800494286658,B,Meredith Scott,Kennethmouth
20,61.8388742260182,22.258497846152245,D,Tara Fox,Lewisfurt
69,22.85585795877843,13.476463079368461,B,Eduardo Johnson,North Andrea
34,1.483119454614106,19.245681586528754,A,Keith Mccoy,South Danielfurt
50,25.340417892185286,6.584069182648583,A,Richard Walker,Briggstown
72,12.69045633603316,3.3676894550816434,D,Stacey Wise,Lake Colinborough
18,77.70434887209464,17.525189960654394,A,Justin Thompson,Leslieburgh
56,70.00510371668288,36.95462779069547,A,Jason Brown,South Robinshire
37,10.670054598701022,11.89725931950519,D,Christopher Turner,West Cindyberg
64,0.6862299943790788,72.75892804643523,C,Brandon Elliott,New Sandra
60,1.6022579190149755,40.329663887120944,A,Kristina Mullen,Jacksonport
69,66.25820023019912,20.241773636395052,C,Monica Smith,South Masonton
74,12.014607558315602,34.526889618070825,A,Tasha Wheeler,Hughesfurt
78,34.90745305892735,4.886436109004823,C,Christopher Martin,Port Ericfort
58,17.354553826176627,32.45484264514765,D,Jacob White,Lunaport
31,52.36876089530769,45.6484072223124,C,Taylor Roberts,Lake Brittany
48,98.69951426569241,11.106358996880063,A,Michael Pace,Kleinmouth
42,6.2941450556711755,9.93314793934228,A,Micheal Smith,East Theodorefort
79,7.070822739160661,53.32893264682912,D,Denise Lewis,New Douglasland
20,10.820747326432567,17.974560743149866,D,William Mcdonald,North William
21,1.3291498729438795,52.69596116119053,B,Larry Johnson,South Jeffrey
48,199.58499718156858,36.63244033397739,A,Whitney Mays DDS,New Michaelburgh
52,19.10831078758362,2.6080416844346366,D,Nathaniel Peterson,Theresamouth
61,18.02981800764283,27.547337866200213,A,Abigail Higgins,South Matthewborough
31,22.264187980644607,27.446109864351136,C,Melanie Hall DDS,Amyton
66,115.39423462393654,38.04876034173302,D,Paul Perry,Lake Gregorychester
58,13.835753243571336,26.538139225150108,C,Frederick Wong,Patriciaside
26,9.784266256292282,44.19747368043658,A,Jillian Copeland,Glendamouth
37,5.684908278077058,41.64321624045997,C,Taylor Rivera,Port Laurenfort
49,16.41968017566874,35.88321081388236,D,Matthew Martin,Kennethton
26,6.450292590935205,11.643122950212724,D,Victoria Ward,Lorihaven
44,25.663883750973277,48.58353529533665,B,Dale Valdez,North Rachelside
20,4.905180293314008,4.534654978873691,C,Corey Moore,Riosfurt
74,46.27103799168567,25.80289677787386,D,Jeffrey Gordon,Jonesmouth
70,2.2406018752692805,44.668687822327584,C,Patricia Kelly,Emilyfurt
21,15.699334747285821,11.510881816367958,D,Sara Bowman,East Alisonhaven
62,53.782870017591605,65.30210205846363,B,Jeffery Holmes,Randyland
79,6.038758446007192,36.464490689168414,B,Drew King,North Shelleyborough
32,5.804433334240571,34.01599048594747,B,Ryan Hughes,Hillville
50,8.480389970193295,32.07330197703784,A,Barbara Miller,East Justin
22,19.4699572399215,16.326417578895814,C,Jeffery Brown,Smithburgh
21,3.584667470698325,18.170374864626922,D,Travis Ross,Matthewstad
63,277.43481104273224,57.494220407279926,B,Ryan White,New Kimberly
29,119.05998914608352,71.06220054232534,D,Donald Rosario,Chaneychester
78,9.922244323522525,6.858604276424785,A,Stephen Woods,Christinatown
40,62.78621690531299,57.65156179660376,B,Nicole Moreno,Herringhaven
31,13.137995822195837,10.823366216922789,D,Sarah Stone,South Anthony
75,7.508297408656557,24.04610910273376,B,Alyssa Sawyer,Taylorton
63,129.43680147350315,21.35526465749428,D,Holly Keith,Wareshire
29,2.219241139383473,25.84783403493438,D,Steven Santos,Tanyastad
74,71.35023085565793,30.003449621625577,B,Alexander Johnson,Gouldburgh
34,8.362139315695044,17.38397617184297,B,Sheri Richards,North Matthew
42,9.070219343091106,14.53480061192527,A,Cindy Anderson,Lake Russellmouth
47,187.0572490210209,40.167711197532135,A,Adam Moore,North Shaneborough
39,8.311314456295781,15.422831943918444,D,Jerry Porter,Zacharyhaven
64,2.4586370194713756,38.78742655574771,B,Jon Fleming,Hillberg
43,1970.3894655510849,35.31470556790903,B,Elizabeth Jones,New Luke
34,32.730587753928454,13.490882484684205,B,Lisa Archer,Montoyaton
78,35.790933679135264,21.17590433664372,C,Misty Lewis,Aliciatown
75,33.65165864556739,9.369632073658885,B,Jonathan Casey,Cruzbury
72,3.803902348843932,42.39702362684448,B,Andrew Schwartz,Garciaberg
71,33.55165760339389,15.124906879617516,D,Jasmin Golden PhD,Lake Gabriel
79,8.454250348837329,23.371277107948252,D,Brandon Brown,Tristanmouth
37,109.84956413635906,1.7888991601563553,C,Michael Flores,East Kimberly
51,42.467934410602936,22.903470448965336,D,Jennifer Taylor,East Christopher
58,72.98419961129602,28.379116023474854,C,Jimmy Brooks,Anitastad
50,18.83816783666367,7.540783449204937,B,Thomas Thomas,Lake Danielmouth
54,17.94361389524376,0.3381196116362033,C,Melissa Flores,South Marytown
77,15.715296687371264,12.87963477770161,C,Carol Spears,Myersberg
77,7.842284151945808,34.60586143958581,C,Paula Lee,Lake Helen
75,237.40290041273448,47.57221157919008,D,Kimberly Hunter,Amandaborough
24,16.946932382919915,28.724646865481766,A,Jennifer Watson,North Edwardton
39,149.55617498920563,21.132426122290404,C,Holly Smith,Austinland
49,33.74007980113844,35.3742710278093,A,Kenneth Webb,Maddoxmouth
31,46.99096703740948,23.37344257612404,A,Zachary Wade,New Kenneth
25,1.433700939309149,32.005063908790646,A,David Russell,New Brandi
74,3.0527599377404697,46.277754136629085,A,Denise Bailey,Port Ashleyland
42,89.92643593010713,24.206124880320125,D,Stephanie Johnson,Melissashire
33,21.332938720059513,46.97953430805082,A,Zachary Martinez,East Victoriaside
59,43.06501641347244,20.61231346340718,C,Emma Tate,Lopezland
36,28.588384621954706,64.16576869047306,C,Erika Waters,Jeffreyland
58,5.574723348122087,31.727765950878684,D,Joshua Coleman,Lake Rebeccaville
72,46.301029617982145,26.894417668649172,D,Charles Fernandez,North Sheilaview
33,3.6066889023848034,11.551898926161611,C,Patrick Newton,Lake Juliefort
29,18.565628522904312,31.71944016969266,C,Denise Barrett,West Derrick
56,46.15341191600699,29.114361594115966,C,Marissa Lester,Jefferyborough
65,15.357804330599649,53.87661794943892,C,Michael Lee,Larsenmouth
47,14.801587891579073,15.951887501024764,A,Alexis Lopez,Port Emilyton
75,36.41711668414435,20.37656477476995,C,Alicia Ewing,New Jacob
19,96.31504205172119,14.355130690537774,C,Stefanie Ortega,North Justinville
49,1.6345328565386203,46.40762176143799,B,Collin Kelly,North Robertside
72,47.120083849848974,21.53210369043494,A,Anthony Beasley,Ramirezburgh
62,11.532001262711768,15.144261665576186,B,John Ferguson,Michaelview
42,83.4652457102086,28.05896442534698,B,Jordan Walker,Port Anthony
79,19.512444427687665,81.36386265555811,A,David Carter,West Laurenstad
42,24.775341644864806,15.804418034892956,A,Michele Garcia,New Rachel
21,2.664197940633755,9.799533392125152,A,Charles Taylor,Port Glennborough
36,3.321376278846565,14.556610254796562,A,Michael Curry,Jameschester
65,3.6539058600228014,9.642994293241888,B,Shannon Henson,New Rebecca
21,0.8840915808280477,39.06127482763453,B,Erik Edwards,Port Sharon
60,1.683394124789883,61.676801831562635,A,Crystal Collins,Port Lucas
30,55.984566403006504,22.076372105078004,B,Amanda Hendricks,Olsonfort
56,14.12029349602124,40.9411280739227,D,Jerry Hatfield,North Justinborough
53,79.88627496733874,8.311441724825059,C,Cynthia Little,Port Sheila
40,81.94676649854719,24.388135619961258,D,Monica Thompson,Nathanshire
79,51.0400837664203,33.99547167658024,A,Linda Carroll,Rasmussenborough
23,1.6139683238808966,21.435202416115757,D,Caitlyn Frank,North Jamesview
41,54.15371735763074,18.0684980608773,C,Alexandra White,Victorshire
61,51.25233707637164,17.793566761372386,C,Patricia Keith,Pamelaborough
50,119.68640153741624,18.1711912972326,D,Jennifer Cortez,Port Michelleberg
29,7.210634998881306,28.226035731270876,D,Tonya Johnson,Port Karen
58,7.540663996823868,18.553703532354447,C,Linda Padilla,Olsonport
38,38.269375241285225,61.08590990192896,C,Eric Parker,Evansmouth
28,15.488410634031606,16.021108635884822,C,Jessica Knight,New Sabrina
72,101.58560838088235,12.43143103921032,A,David Holloway,North Margaret
61,0.26205747119061734,49.74535912529621,C,Jake Perez,New Michael
55,6.410248275232437,34.588300410132135,A,Sheila Miller,Gordonville
79,388.66071320763206,22.2317724475035,D,Ana Frey,West Davidmouth
46,105.52007070245227,71.73548871713326,D,Mrs. Jessica Roberts,South Robert
65,106.67614198467665,27.82361820904704,B,Veronica Prince,North Samanthaview
58,19.919766085886412,50.39055713095014,B,Paul Rivas,South Ashleyview
20,2.8599169262703588,16.144184752519557,C,Deborah Torres,Ingramland
45,251.10814106623369,20.627570042580665,D,John Cox,North Allen
37,137.49102302662348,31.090909254019035,B,Anthony Pearson,New Jonathon
43,11.994697347077853,16.8858299447513,D,Amanda Stephens,Davidmouth
41,3.5392870922462762,6.129555274151286,A,Mindy Hicks,Grantmouth
71,8.057670424757896,21.24428925158838,A,Jessica Kline,Davidmouth
69,4.46703630154899,24.339796504327342,D,Michael Robinson,Allisonville
64,9.332353346959149,5.224020308579801,C,Amy Townsend,West Shannonmouth
38,1.0435019881108925,40.55568525719755,B,Thomas Nguyen,Jessicamouth
71,89.04279996966005,15.109851158431182,C,Wesley Martinez,Reginamouth
47,123.66146218685545,61.76822727512076,B,John Moreno,Port Jacobside
21,6.596875108447362,20.602569155973224,D,Rachel Alvarez,Colemanhaven
53,104.35723922651111,54.41486256926849,D,Lindsay Jones,East Williamton
57,2.8799357934992265,14.604471183613935,C,Heather Johnson,Lisastad
27,0.6366183248603968,9.48570176011868,B,Amanda Bradley,Wandabury
27,1072.4700358815687,12.658245725609493,A,Ashley Joseph,Lopezmouth
59,24.19187702937606,51.8140164490533,C,Anna Vargas,South Matthewmouth
41,78.69611135647436,33.12224489770807,C,Hunter Simon,Mejiaport
21,45.50194476943688,17.250404787145847,B,Cheryl Mitchell,Jeromeview
64,65.690033715889,11.785406361821,C,Amanda Brewer,Julieland
44,27.0857854485854,30.431963589853943,B,Erik Lopez,South Sharonshire
68,16.28114350709712,14.976544989143095,C,Victoria Black,Rodriguezport
62,16.952259720557027,29.750799486761913,C,Phyllis Owen,New Alexanderland
21,12.624139996962052,39.52085831441102,D,Andrew Richardson,Kellyton
49,18.434482316071897,17.266454835232096,C,Mary Medina,South Kim
27,4.920978346905054,13.994718437279266,D,Catherine Pratt,New Lauraport
28,8.62819166378642,6.609378838789877,D,Kimberly Young,Moralesburgh
45,76.69949619472544,23.375719224962793,B,Jeffrey Mcdaniel,New Ericview
63,10.379503639325817,10.607212965804298,A,William Johnson,Turnerside
25,5.1671984748351205,32.492004255764435,D,Angela Rivera,Lake Sandra
57,12.343755114915854,32.711553493405724,B,Julie Scott,Lake Cody
79,30.7205640066329,6.4528503716575845,A,Nina Fitzpatrick,Donaldsonton
39,6.068509747799749,58.0851842530909,D,Jeffrey Lane,North Katherineland
51,210.6279723742589,16.866623091719244,C,David Coffey,Port Mariafurt
62,107.68279999132398,13.686919658860877,B,Brooke Goodman,West Vanessaberg
52,4.697970438611462,10.539182630441493,B,Betty Abbott,North Tammieton
52,127.7203481088079,23.049067200074848,B,Gary Johnson,West Heather
42,5.300984445351717,56.77454874511343,D,Vincent Allen,West Charles
51,8.867323391456642,42.02124898520749,A,Kenneth Brown,Robertohaven
23,50.03854267604468,52.89797412042415,A,Madison Kirby,Lake Sheilaburgh
58,5.4729383495243,18.603329974603604,C,Stephanie Miller,Lake Dustinmouth
54,8.590990075770174,67.14700996937894,D,Francisco Perry,Lake Brenda
18,13.267545662628207,47.19592741406291,C,Ashley Hancock,Lake Jamesland
29,0.8081070377448106,29.13715878432901,B,Jill Wilson,Dunnview
52,116.4281563296688,15.957904475509608,A,Richard Anderson,Nancyborough
23,22.42563693559254,33.97729363557389,B,Mario Dickerson,New Jayton
71,14.049934465705718,14.390345629180898,C,Wanda Weaver,North Laurahaven
34,33.02491331897355,44.84760040838055,B,Nicholas Santiago,East Elizabeth
26,5.507647926359347,22.608491944201045,B,Carolyn Meyers,Lake Denise
79,30.243544155658597,11.58169064265798,A,Kerry Norris,Melanieville
19,1.066324514826049,43.234669250507224,A,Catherine Delacruz,Grayport
35,10.19617818983797,45.79042900889455,A,Dennis Jones,East Matthew
66,15.13246074032443,57.411887676672755,A,Chad Nguyen,Colleenfurt
53,1.0166754784291634,19.74553539590583,D,James Green,Turnerville
74,13.362802271373125,28.146856797289853,B,Ana Dennis,Lake Markhaven
45,24.963180313819187,53.32797737879788,C,David Black,New Kathy
58,34.2610243528512,45.18947977506311,D,Nancy Osborne,Jacksonton
70,47.57501736399652,10.837859682481223,B,Pamela Brown,Jacobville
54,21.162516244064935,25.6840721691362,C,Rebekah Malone,Lake Sue
66,20.098790650028402,25.28246147566207,A,Eugene Reynolds,New Megan
43,25.579900841528076,51.2930202443723,A,Kylie Hines,New Jennifer
21,2.4668331481917596,36.205059569969286,D,Michael Gibson,Port David
57,4.368542292354037,9.088749253331912,A,Mr. Jeff Wyatt,West Brandonberg
78,3.9194202421010753,17.23918973625673,C,Scott Hamilton,Davidfort
53,61.93850902126603,24.630884699930878,B,Spencer Carrillo,Myerston
68,25.614982429631098,20.19455396997231,D,Michele Lewis,Jacksonberg
48,51.20569036735022,57.00372465420273,D,Ian Foster,Jessicastad
47,71.93026116937986,36.61216734858714,B,Amy Valdez,Carlsonhaven
67,65.71432245450832,22.342949982060535,A,Samantha Compton,Lake Lisahaven
51,23.714585886534984,38.884332584427675,D,Patricia Perez,New Makaylaport
36,101.17596352981198,35.23466843477127,A,Mark Garcia,East Davidchester
35,19.43279935825796,16.31264177136843,B,Patrick Leon,Jonestown
47,9.983463865720568,11.988697018512257,C,Briana Francis,New Kimberlystad
38,45.41678382864942,37.20216005087061,C,Jason Price,Brittanyborough
79,3.8304038848686903,46.065173129746576,C,Michael Price,Paulaville
20,6.782989628272365,59.588848583123664,C,Andre Meza,Danielchester
23,268.0973185736158,63.79485767800092,B,Ryan Oneill,Markland
55,21.651741255763863,5.961127704868212,A,Jessica Marks,Lake Heiditown
30,21.152487541408448,16.13160851293588,D,Carolyn Frank,New Lindsey
62,4.975592101244042,51.2024742945031,C,Peggy Mcgee,Lake Ryan
71,76.20828379518396,49.705990459136174,A,Marie Moore,West Robertbury
79,255.49242188224736,7.723209583237754,A,James Mercado,Carpenterborough
20,19.67913104075851,11.632539709669036,A,Janice Hicks,East Christopher
65,13.272735769730346,13.78557860589951,C,Nathan Parrish,Theresaside
45,21.82421837332173,33.28720508186297,B,Charles Mcbride,Millerfort
39,96.44876667773406,50.91382970369822,B,Debbie Stewart,Port Joshuahaven
57,23.393611507990684,25.09237304274566,D,Eric Parks,West Stevenside
57,46.53687524448685,6.023171272827681,D,Elizabeth Woods,Katiechester
29,12.414066143980525,32.38322567510053,C,Amy Reyes,East Brookeshire
40,8.256516576326405,27.341358925278747,A,Kathleen Russell,North Annbury
48,11.155758930004884,7.82609763387645,A,Jessica Wells MD,Petersonfurt
35,19.045917332694106,50.43006940003595,B,Nicole Norris,Christianton
24,12.594478480198868,22.191001760427998,C,Christopher Bennett,Garciaton
25,0.4011529620658612,23.33819367535991,D,Cheryl Torres,Matthewsborough
36,43.242725658781545,31.94355807427861,A,Rebecca Ramos,North Kathy
46,2.1869756452787894,32.60996012456566,D,Alyssa Clayton,Kimberlyburgh
61,5.989989837685114,15.322176531377613,A,Emily Lopez,Port Mary
37,64.06316150109042,10.988389985958554,B,Ashley Barrera,Kingview
67,194.04860625293406,27.786119606773656,C,Molly Phillips,Lake Curtis
59,142.23401652106176,19.572232878778145,A,Bryan Bowers,Amystad
47,19.114447843559184,14.392610305476063,D,Robin Woodard,North Michelle
64,121.74231690793799,10.553009427136097,C,Darrell Sims,Simpsonhaven
39,17.71821767569559,56.42554159330642,B,Robert Johnson,Maciasberg
27,3.9413280015750796,19.000854596260307,D,Jose Jones,North Erikamouth
43,2.995839562182277,33.648842200863996,B,Brandon Hernandez,New Sean
68,6.28338751989793,15.288329208108435,C,Edward Marshall MD,Paulhaven
50,8.133180151874198,18.17192355569087,C,Michael Nelson,Victorville
45,11.366971906447496,8.329424859404059,B,Pedro Garcia,Castrochester
27,3.5914239613790535,30.098874003905202,B,Wendy Cooper,East Christopher
46,22.73804775520829,24.266061898626567,B,Amber Santiago,West William
61,93.11661256055582,30.565751027542305,D,Eric Gray,Port Danny
35,2.184577478771959,7.155056131736762,D,Breanna Kennedy,Lake Brandonberg
59,347.78242966958356,14.24988341828199,B,John Koch,Greeneton
76,5.419607599680034,11.592071552498945,B,Michael Mcintyre,West Lisa
18,17.764637104800983,20.796936444234106,A,Stephanie Harris,Lake Trevor
40,116.49430357660307,26.467900641695557,D,Amy Dillon,New Robert
34,19.758774634024405,38.033389788008506,A,Stephen Brown,Lake Jason
60,12.290934006427863,10.383270589248275,D,Antonio Chen,Courtneychester
54,60.21570651350337,26.03414579647613,A,Tony Larsen,Murphymouth
48,8.783071974918363,16.48195569389362,D,Richard Jordan,Karlchester
42,6.499982152960271,27.39065085421873,C,Christopher Perez,New Lisa
70,4.087604633595303,16.990830408686737,D,Karen Crawford,Tracyland
21,55.29596584068794,60.46260712940895,B,Steven Johnson,Williamsbury
69,79.10969986425287,11.719717313493486,C,Stephen Farmer,Greenmouth
26,288.95639016431204,23.09830355448045,A,Cindy King,New Christopher
74,42.74356623680853,7.37584724205485,C,Sarah Phillips,New Kathrynland
45,20.29509707971852,37.788623533190986,C,Brooke Chambers,North Brandon
47,12.782016106401574,19.613574700056258,B,Marilyn Lewis,Kennedyfort
77,17.362948514643605,13.786034438310152,B,Krystal Melton,Archerton
64,26.848714498013603,21.639052619304273,D,Sharon Stanley,North Ryantown
41,47.708044128286346,52.13645964170014,A,Brian Dominguez,Kimberlyton
50,4.860321102992385,1.0624834355788149,B,John Jimenez,New Veronica
37,12.591796353502717,53.11183781276956,D,Daniel Nichols,New Kelly
26,9.244538762793574,63.75825858759501,D,Mary Saunders,Bennettfurt
25,21.834699926553025,68.94788925114128,C,Erin Collier,West Elainemouth
41,26.69438082795535,13.305928273190226,A,Cindy Cruz,East Todd
31,0.5052622440263594,12.8667622091236,C,Seth Davidson,North Stephanie
76,42.350062911685235,37.27127276853498,B,Gloria Chapman,Katieland
35,9.41666024505979,24.46889936120708,B,Tyler Green,East Robinport
74,35.843096452494265,46.3698136451912,D,Brendan Gonzales,North Kellymouth
70,9.998848431553021,36.76600106685277,C,Brenda Peck,Lake Michaelland
73,24.035834502739576,19.316783676717737,B,Benjamin Lucero,New Ericville
18,43.99722526578224,7.405228422170946,A,Jaime Gonzalez,East Carolbury
29,29.40264063857778,64.71181570176017,B,Nicole Hernandez,Espinozaberg
46,0.76680394698911,1.0562694794661238,A,Kathryn Peck DDS,South Lawrencehaven
54,34.8325853273159,43.897275856758476,C,Patricia Schroeder,Abigailberg
43,33.09231764563387,29.172093471074373,A,Dustin Davis,Jenniferborough
50,9.54672302011323,28.44568653572154,A,Michele Barnes MD,Carlosburgh
60,23.130949693651264,22.230949083587863,D,Nancy Bright,New Eugeneberg
32,35.6253506189451,69.55246143644862,A,Nathaniel Adams,Bellmouth
40,1.34823769182862,16.482399301277514,D,Ashley Brooks,West Michaelfurt
46,40.212767904826734,7.359120295430182,A,Jacob Patterson,Selenabury
38,16.207711445346746,40.988559898129004,B,Clarence Henson,Davidbury
36,29.766461267311286,44.17130856772286,B,Kelly Rodriguez,New Kenneth
22,23.3555497334101,47.53362914405719,A,Sarah Knight,Morenoborough
40,190.7540962849493,62.3084599203246,D,Robin Powell,Christopherside
53,18.70618802319799,49.7754432628499,A,Lisa Bradshaw,Timothyhaven
76,6.559361152232347,34.01642747340405,C,Willie Hurst,New Ricardo
37,2.521807587361821,22.31680720056864,B,Laura Hernandez,Lake Amanda
25,13.051645742820046,41.305739570825956,B,Brianna Rogers,Richardhaven
26,1.2095883420245495,33.51490158533497,B,James Schwartz,Greenfort
79,4.4398494412715,15.811113884996178,C,Allison Carter,West Joshuafort
31,14.610708658327857,51.802946447479634,B,Craig Neal,Johnsonmouth
23,3.236005825253294,26.52783956222401,C,April Lewis,West Nicholaston
18,25.514054138183255,60.16776846410232,A,Steve Jackson,Troyland
26,1.5341382158532124,6.297345204378748,D,Peter Miller,East David
33,27.876403405623936,17.738190225884484,A,Victoria Stephens,Lake Markfort
33,144.33632663786656,28.502275388028615,C,Erik Shannon,Stephensonside
71,30.670349149619266,45.74603871551278,D,Jason Mullins,South Michellemouth
29,5.6966285348464005,15.851443500562842,A,Shannon Hawkins,Rowlandhaven
22,4.618377761217437,16.647654849097194,B,Stephanie Williams,Port Jessicaton
57,30.21393651563064,5.304347895953998,A,Cynthia Parker,Penastad
46,112.63594979661706,54.995280694678115,A,Kelly Snyder,East Morganfurt
63,2.429073260016471,42.14117859524079,B,Samuel Lynch,Christineshire
44,23.207283758507586,8.958863838047346,A,Lucas Howard,East Luis
28,18.714635013006948,13.508937785422996,C,Mr. Michael Brown DVM,Kennethside
70,5.238888825590799,21.291123960976027,B,Dr. Derrick Griffin,Lake Kaitlynburgh
64,121.8890627052586,11.949312079882725,D,Christina Barker,East Lauren
67,13.920966970645154,66.64394263378489,A,Colleen Mccarthy,North Sydneyborough
45,26.38972225858173,19.236694196921565,B,David Mason,Port Alison
69,2.6976665644646776,29.741233464909016,B,Alexis Russell,South Charlene
53,9.249303905024131,14.573513552701788,C,John Hull,Garciaport
59,7.453989448074597,17.860213875911874,C,Michelle White,New Catherinechester
36,31.756549337240315,20.807271894070947,D,Scott Washington,Donnaville
71,2.0242444074296593,36.23229416031389,A,Alice Chambers,Port Allisonborough
52,6.972654453378358,40.738028195862626,B,Regina Duncan,New Jeremymouth
69,0.7507479452749016,4.661127860213058,D,Kimberly Stuart,North Amy
48,23.078154092226118,6.00245152792057,A,Joel Tran,North Robert
71,2.9618328241607492,15.156098753813904,B,Joshua Edwards,Tracyberg
76,52.03557990153172,13.290688343744716,D,Melissa Bean,Osbornstad
61,70.17119178478576,24.262463937737916,C,Joshua Fields,Annmouth
73,7.662862236674294,17.65722905631761,A,Alicia Nguyen,East Erika
78,17.287256594931456,39.49790425708358,A,Kenneth Williams,Hurstburgh
78,29.153547649670674,21.231850714585317,B,David West,Miketown
36,146.50976201444416,21.597860528679917,C,Sheryl Fitzpatrick,Lake Elizabeth
63,58.00656937091739,55.48417209669041,C,Jesse Green,Williamschester
41,13.819672022196679,32.89868449173735,C,Lisa Thompson,Kristopherburgh
19,3.5313156804557306,35.353686627170674,C,Jacob Miller,Wyattshire
24,21.701806596636747,40.46518672453684,C,Mary Powell,Washingtonberg
60,13.3066634327683,22.155973094206608,D,David Hughes,Brewerview
71,157.24885969984473,28.691404585907947,B,Justin Rice,South Jessica
66,12.882146703645388,7.000429178977853,B,Jeremy Davis,Mendezville
48,14.482987351573337,6.67909213648288,C,Nicole Lee,Jimenezville
77,40.02425623833218,48.504660171966734,D,Logan Cameron,Douglasport
34,12.839971155929415,40.57533155915813,A,Johnny Gonzalez,Crossmouth
44,0.5287341808367438,49.806879362777714,D,Carlos Moss,Dennishaven
78,29.34443899776526,25.37004482222719,C,Jose Thompson,Jamestown
53,21.52182037479873,4.895704865464906,B,Mark Miller,New Eric
76,5.445508407575596,16.367781109369737,A,Anthony Blanchard,Hillburgh
67,206.82188914909713,29.104895952270756,B,Katherine Golden,Lake Debrahaven
60,37.40256517376041,8.759730728700998,C,Deborah Conner,North Kellyborough
27,7.179796600017329,17.682219658875812,B,Alexander Mendoza,Troyport
62,27.8848900620781,28.949027614922617,C,Jessica White,New Eric
31,46.87903769570421,20.84474666521294,D,Brittany Weiss,Jeffreychester
75,2.704941270031234,27.268838528633854,C,Amber Haley,North Rachael
24,12.031059343631895,20.507090062744957,B,Heather Taylor DVM,North Sarahstad
56,168.9165760576216,21.084389526862125,B,Dana Harris,New Calvinborough
57,5.133955703748883,5.8735620136367555,C,Rick Oconnor,New Thomasburgh
26,48.733074814182075,6.848673192308251,C,Robert Armstrong MD,Singhville
31,27.376695605442023,11.512343447702154,D,Rhonda Rogers,New Lisa
74,28.49997665338481,38.81806004384855,D,Tina Hill,Brewermouth
25,30.145247682093572,31.372497399882604,C,William Drake,South Trevorstad
34,13.92086656215277,25.89283403207746,D,Tammie Williams,New Michael
74,39.42574062792695,13.152941116980859,D,Randall Hawkins,East Katherine
40,2.53812173927616,55.39425854205335,B,Tom Swanson,Scottton
74,2.1229710915558346,15.83022796511109,C,Paula Brown,Merrittborough
33,351.9020656387948,12.358517769344662,A,Taylor Stephens,Pattersonside
43,56.20294479802423,62.480567843345455,A,Robert Wright,Richardsonhaven
26,1.7689220043545781,11.197055814356489,D,Jeffrey Tran,Staffordmouth
53,5.59129693699185,49.23336751081174,B,Victor Buckley,Leahton
24,35.8769438739028,22.085489460566038,D,Angela Wade,North Jill
35,78.7366813643986,18.44911193820481,C,Elizabeth Baker,Smithside
25,51.94652490722054,53.35915247100782,B,Joyce Rice,New Steven
38,0.9715295678907114,46.3109653877472,A,Angela Thomas,Andersonfort
43,42.062060242643454,42.151263637544616,A,Sheryl Reyes,New Elizabethhaven
20,42.96698776746791,69.76883030169788,A,Richard Brown IV,Alvarezburgh
78,24.897649355432446,14.236067190188956,B,Caitlin Butler,Ryanborough
34,9.408890480450845,64.06763072268261,B,Kurt Johnson,North Joseph
74,2.908320665119841,31.974919589886152,B,Hayley Owens,South Rebecca
68,20.375983655615002,19.571342173963576,D,Michael Garcia,Williamsburgh
63,37.58086511014132,33.93644174087076,B,Amber Li,Valdezside
41,8.969647233604238,61.82114041328563,D,Joshua Garcia,Lake Jesus
42,32.08864864150367,24.260578709825978,D,Antonio Campbell,New Christopher
22,21.44863508186527,17.55155895353922,C,Joyce Wilson,Port Lindsey
54,13.557925070983114,11.340601224747997,C,Frances Williams,Mackenzieburgh
62,1.817724010977302,35.33680045315282,D,Emily Leonard,Port Nathaniel
67,6.5923954924515,61.75663341033345,D,Christopher Gutierrez,Lopezhaven
41,52.85679578311536,49.261098192512634,A,Mary Alexander,Juliemouth
48,2.848082770848043,45.88556170630051,A,Kyle Stanley MD,Burgesston
72,30.33418921281706,44.4859125292197,C,Valerie Terry,Yangbury
43,315.1194864901969,39.79125555296407,D,Garrett Figueroa,East Steven
38,5.697857423876951,15.48269541027494,A,Mark Green,Robertsstad
51,6.229922692694534,29.7909584541551,C,Amber Stafford,Garytown
55,15.21298083096307,24.328548136802564,D,Douglas Patterson,North Matthew
75,16.623340197453057,25.366961396975235,B,Stephen Wright,Lake Daniel
41,13.83387303860671,7.876010034251971,C,Anne Durham,Millertown
45,34.57833533528124,25.0519247610668,B,Teresa Howard,Garzaport
47,10.802265622777375,23.402517192482406,A,Timothy Moore,Christinehaven
51,202.4683074692824,47.931861258259566,C,Leah Wolf,West Alejandrobury
69,354.7919526353093,40.427749243439266,B,Theresa Jenkins,Pattersonmouth
71,41.307081202435626,37.428622433559376,A,Donna Liu,New Maryshire
73,20.459840040623703,74.78381786581029,B,Jamie Hebert,Carterborough
69,124.13446347146255,6.609018103339122,D,Joshua Wright,West Brian
40,8.488201723213098,34.374926262967854,D,Christopher Sanchez,Danielton
72,0.831581435648613,11.12985464008352,A,Scott Reynolds,Matthewhaven
25,108.54166180919943,33.463699991609936,C,Travis Smith,South Sandy
59,23.76208366113361,27.447644176126435,D,Charles Moore,Pattersonfort
67,43.75963594850256,19.795680360230588,B,Anthony Wheeler,Vanessaville
27,14.637442399391782,44.72679105314167,A,Miguel Montes,Taylorborough
72,4.653941195812985,45.90617362376537,A,Christopher Walters,North Johnchester
18,57.329492132512506,11.227161515024449,A,David Palmer,West Philip
37,92.23067730571381,24.678822635607954,C,Michael Davis,Andreamouth
74,14.932244173854244,27.447039757127733,C,Brittany Cohen,Lake Crystal
54,33.54820083793983,26.088796122473973,A,Dustin Hernandez,Christopherfurt
35,13.858204334144627,17.31993142063372,C,Gloria Hudson,Duncanton
38,218.7845621070192,33.80607796237183,D,Dana Strong,New Cassandra
71,46.7297028922651,27.172287745732227,B,Nancy Delgado,Lake Frank
66,23.02520530499898,24.121466244141963,D,Dr. Chad Frye,Rachelside
21,69.17084839773824,28.18261779736404,A,Heather Brock,Allenhaven
60,12.814628445230428,24.95278285788626,A,Kevin Carr,North Jorge
19,4.653076209398516,32.7142203500233,C,Adam Henderson,Terriview
38,363.49008741009277,24.376621758473807,B,Carolyn Davis,Lake Davidshire
54,188.8175904669003,31.35222936187053,C,Cassidy Smith,South Christopher
22,20.419414689108592,12.012681932677275,D,Jennifer Erickson,East Donna
34,65.0760629491893,22.1143207912914,A,Daniel Wolfe,East Gregory
66,54.22699212297553,6.254598398149645,B,Elaine Camacho,West Laurastad
65,83.76875765594036,31.892449593331772,B,Brooke Garcia,North Roberto
28,7.795751746102275,17.669809113455624,B,Rhonda Green,North Victorberg
63,2.3859183570515063,16.50523223512721,C,Logan King,Richmondshire
58,993.5841495265006,20.60556179272931,D,Cassandra Shelton,South Rachelhaven
48,12.716435348601712,39.80971628855684,C,Barbara Tucker,West Lisa
45,8.375393519903332,24.437263725554168,A,Ryan Fuentes,Guzmanchester
61,11.366304532482362,3.4352604560796807,D,Nicole Ward,Harveyfort
49,16.2024934795322,33.89352647018573,B,Edgar Conley,Tylertown
38,3.1924505342537284,39.560200059129045,C,Leah Davis,Hughesshire
24,3.570842390867273,69.66261455314489,A,Austin Hess,New Samuelburgh
27,13.134221947941851,5.403899772627053,A,Nathan Tucker,East Robertmouth
78,18.087306018386855,38.30414438735711,A,Brianna Murphy,Jessicatown
45,41.473933483684874,27.656482036382247,A,Cynthia Robinson,Christinamouth
65,89.57795000853788,41.777496821448175,B,Margaret Norton,North Isaiahport
53,8.804800313022156,26.550872394097684,D,Thomas Houston,Bowersport
37,1.4556184153773322,16.12107425718435,A,Melanie Griffin,New Pamela
30,51.53740638584323,20.06740758075992,C,Michael Jones,Bruceside
36,96.39351409998719,72.24968794788833,B,Derrick Reyes,Lewishaven
67,25.729058404521744,11.03546606314873,B,Michael Colon,Danielletown
28,49.1576100653781,11.153676229931648,B,Rhonda Brooks,South Stephenburgh
52,62.87658895145037,35.44105544923831,B,Kyle Delgado,Danielmouth
51,85.60314555174445,18.66543845426472,D,Katherine Bennett,North Christianstad
61,16.430866147760657,40.99435215377353,A,Carol Mccoy,North Justinside
21,8.468455539189755,20.16809918177116,D,Kenneth Briggs,Brandonburgh
30,35.867353507740376,52.58487821485588,A,Charles Price,Glenton
54,11.033882205840612,5.481665096348004,B,Robert Welch,Matthewside
76,55.316544691847724,58.30181431429647,D,Deborah Davis,North Ricky
19,34.13455314299795,11.727822975837812,A,James Moses,Williamsberg
67,94.20877660404625,27.40701740910869,B,Karen Lawson,Thomasville
18,9.445979197003297,8.832368213669865,B,Jason Rice,South Tracy
57,13.680781079571956,8.429118085185138,A,Steven Proctor,Smithview
42,45.3342431094957,18.344301015100925,D,Kevin Morse,New Ronald
76,33.230015363097806,46.365257514687144,A,Austin Moreno,Lopezfort
54,21.338491061911135,3.1415737556246484,C,Jaclyn Curtis,Rhondashire
53,246.3104629388486,36.39348406881289,A,Stephanie Thomas,North Stephen
23,4.462065335256724,27.463362214273427,C,Cynthia Bright,Port Darrenstad
24,164.62473326826637,51.107812046650416,C,Mary Ross,New Anthony
21,9.230543466243995,43.44224948664848,B,Debbie Stevens,Lake Timothy
52,1.8502435736845055,0.8435625941875456,D,John Jones,Derrickburgh
75,25.836720958438622,29.067321960940408,A,Edward Burnett,South Rachel
58,5.000992007496822,31.87298460278051,D,April Taylor,North Christopherchester
78,5.396563332476605,13.24192409455586,C,Patricia Nichols,Jasminetown
51,327.62784178708637,18.087720505264702,A,Joshua Humphrey,Jonathonview
46,31.31480703487571,21.806578349612295,C,Erika Anderson,Courtneytown
22,23.90458505400147,10.990728879959551,D,Sarah Thomas,Port David
44,30.052434495527216,57.03516473557816,D,Bradley Wright,Port Samuel
50,8.518926214144091,10.684895817061415,D,Felicia Carrillo,New Rebeccatown
74,41.61594561162462,28.133969993562292,C,Amanda Burgess,New John
63,3.170425142572271,39.38146015561998,C,Kelly Simon,Port Davidview
69,1.3545024922338655,8.115772391017957,A,Misty Patterson,New Keith
27,3.648785426908817,17.64292303128224,B,Matthew Mckee,Lake Davidberg
71,95.3415152047536,40.29520691039231,D,Sarah Montgomery,Port Joseph
23,4.471047125508936,15.330419860734887,C,Christopher Rogers,Port David
51,2.5838706451319338,12.8128463518931,D,Andrew Hoover,Catherineview
25,32.66837412011194,49.16315623353276,C,Taylor Barker,East Tamaraland
79,140.50800824907498,6.778526772723796,A,Gregory Myers,West Jonathanville
48,142.0048455642002,34.14419885222937,D,Mrs. Rebecca Gonzalez,Russellport
26,7.812218416450802,44.323245916279106,A,Daniel Graves,North Bryanshire
72,108.59537492233132,62.42213755476628,B,Carol Estrada,Danielbury
38,92.85431396796709,40.87888525541432,D,Kyle Bray,Knoxview
25,6.3370096986031905,15.186039541399152,B,Julie Meza,Claystad
21,85.47545205978282,32.70336399142871,C,Patricia Curtis,North Laura
39,352.5278209226283,54.15292301035009,D,Mr. Paul Bartlett Jr.,Port Shaun
45,487.45889270709677,7.8019138894428215,C,Robert Johnson,Patriciamouth
62,75.58573964022162,7.168296906631341,C,Amber Roberts,North Patrickfurt
21,7.365384444321671,56.22593189783321,D,Joshua Bernard,Briggsberg
56,78.51887441119604,18.82307744947578,A,Kayla Brewer,West Alicebury
38,304.32439503515553,54.1434865183171,D,Emma Griffith DDS,Glennside
25,13.671035180410923,44.77296279107561,A,Jason Smith,Riveraton
37,25.45463812845245,48.00951532295029,C,Jessica Butler,Rogertown
49,2.0619116992044706,13.053241460038068,A,Megan Dunn,Moorehaven
18,22.897291042742307,68.54419782577176,C,Jacqueline Allen,West Melissa
23,82.78854720394493,26.964326475777145,C,Todd Smith,Rickychester
45,4.121679961262613,29.343680701876206,C,Scott Lewis,Hawkinsside
61,24.324830239515123,24.504106269525085,B,Blake Ford,East Cindy
48,0.2363419709020324,54.14824143362007,B,Karen Smith,Kleinburgh
27,476.0151858512332,23.816599432748927,D,Ashley Taylor,North Amyport
37,47.99059524507973,22.805611499255868,D,Michael Johnson,New David
25,6.6692798205576,26.597949183825964,D,Michael Freeman,Rachelshire
39,13.081556723364596,10.601495102613706,C,Matthew Mosley,Holmesborough
55,5.00374889547743,58.52585806005036,B,Holly Pierce,Petersonshire
46,9.387466848322164,44.767062104259075,D,John Ramirez,Kariville
26,1.201359015605899,57.400328312695635,D,Christopher Long,Susantown
61,47.88620248722994,9.961406973350465,B,Jacob Lopez,New Erika
64,179.56305351348905,10.33810630554576,A,Alex Hoffman,New Ethanmouth
18,188.58186425388715,23.365764839221338,C,Troy Brown,Port Crystal
58,6.446294361530692,13.839751647111928,B,Carlos Gray,Susanhaven
69,101.09590700660688,42.2440291697315,A,Crystal Cunningham,East Perryside
56,3.3911036233036045,19.225893228106045,D,Crystal Estes,Allisonport
43,9.019016096916042,32.657129070131184,C,Kristina Cherry,Port Heather
28,30.40320781142542,52.69530924962665,D,Dennis Ball,Lake Austin
69,19.86849424816155,23.066077561288758,A,Jesus Christensen,North Sabrinaport
52,2.4272181005448448,56.4305030211624,D,Rebecca Tran,South Kimberlyside
77,26.101660508395078,2.6080872422723838,C,Lisa Tran,North Cynthiastad
41,110.97160501754551,29.127058513702703,D,Michael Alexander,Andrewhaven
50,157.28631648767524,42.968081298802964,D,Judith Garcia,Lake Mckenzie
37,11.77347092593335,10.108335808762481,C,Krystal Duran,Higginsberg
44,8.673748317223842,41.1539521397192,B,Eric Martinez,Port Alyssaton
32,13.470642293976656,20.492609710755406,D,Thomas Doyle,New Wesley
50,12.443083468324062,27.308031717255844,C,Lisa Johnston,Brittanytown
69,12.845388103326837,6.734224161520206,D,Sharon Richardson,Port Laurieburgh
24,24.14391447261873,13.66512636484403,D,Trevor Powell,North Michaelbury
51,3.5672620286459273,47.143665732202486,B,Michael Moore,Patriciatown
62,4.156088163187498,35.750919219056534,B,Kristen Buck,West Joshua
77,72.18384347461257,36.26674354617529,A,Jennifer Griffin,Lake Yvettetown
75,5.751030519836512,29.455670048652138,A,Steven Brown,Lake Christopher
68,20.252339196901122,20.983323565811926,D,Jessica Hawkins,West Selenaport
63,22.67402197863765,21.34318427725215,C,Beth Webster,West Elizabeth
59,16.342658492153635,11.149456070276473,A,Krystal Patel,Josetown
22,48.71591087139401,28.982926454550554,D,Timothy Hanson,Port Sarahton
75,14.681514598422126,7.464432793923313,C,Leslie Padilla,New Ann
47,5.200440442598195,9.632289662175413,A,Kara Watson,East Suzanneville
45,18.323489640947418,13.680280710353818,C,Tiffany Fields,Brookeborough
35,1.174482898125407,22.66293057566772,A,Ryan Stevens,Albertville
53,9.32702048496211,36.79850290185534,C,Jeffrey Hayes,Lunashire
20,442.6803753901194,39.528905343264164,D,Kathleen Gould,Port Jessicafurt
38,17.364458063335732,8.52073073863223,A,Ronald Montgomery,Isabellaview
63,347.3957394292007,12.882528844217669,D,Janet Hopkins,West Keithport
75,13.220278409320697,24.322772355370475,C,Lori Long,South Jeremybury
33,4.500589348525938,43.2233946215984,D,Lisa Hart,Cunninghamville
73,4.174937690074844,32.653386505561656,C,Cassandra Mack,Lake Lanceland
54,89.35953696251897,21.982157874635018,A,Travis Sanchez,West Shellymouth
59,69.79487914975789,18.218649597099336,C,Darryl Rodgers,Annetown
22,192.24909854467617,43.75285735053796,D,Kelly Johnson,East Diana
67,43.40168870699324,20.944794665780826,A,Lisa Bailey,Shannontown
68,39.30890836322347,62.558868244756546,A,Nicole Moses,Lake Joseph
31,95.43628349735016,15.102284402610024,A,Richard Ramirez,Robinborough
48,18.7721311941407,13.130377883979918,B,Nathan Bailey,Sarahburgh
63,14.483104217939061,30.392128137554845,A,Zachary Moore,East Cherylbury
41,36.45542987480783,9.826966987172662,B,Samuel Perry,Port John
52,48.6066280872382,12.401896237974814,D,James Patterson,Conniestad
53,717.1175347098592,9.710718490353809,C,Angela Miller,Lake Pamelahaven
27,58.86178273658003,22.548457092874212,C,William Cole,Evanmouth
44,22.047960525024394,10.474139142027603,D,Kevin Evans,South Brookemouth
73,17.4398900401398,9.482824136128126,B,Christopher Jennings,Beardshire
44,79.51866778678766,41.77324956012806,B,Calvin Gibson,Raymondshire
72,46.11516432846169,35.0189632061786,C,Robert Brown,Stephensfurt
40,53.55337514588909,10.427203419406526,D,Jessica Ward,West Williamside
30,3.4523722978977776,52.86007846847562,B,Colleen Vega,North Patricia
33,114.29014148929126,41.429380952235775,A,Samantha Carter,North Virginia
52,48.723489483606826,47.16930033299271,D,Angela Frazier,Lake Rebeccahaven
44,4.186138968044726,36.37386273466053,D,Christopher Jefferson,Chadberg
69,5.9903678247221706,27.022846826174842,A,Samuel Francis,West Christopherfurt
56,413.3605134691132,25.113912997235428,D,Emily Smith,Hillfort
64,12.765832508196915,15.10411557737099,A,Heather Pierce,Michellefort
34,55.18150011002019,37.71001391817398,B,Scott Clark,Davidmouth
79,245.27907258016324,19.355092792319027,B,Kristen Myers,Kylestad
78,0.25294647999284453,57.68765868151383,A,Jennifer Crawford,Oliviaside
65,38.378426967287176,35.17538160911739,A,Karen Hunter,East Reginaberg
76,6.728986656776006,59.9763473311665,D,Steven Wilson,Lopezport
58,23.870637327159454,46.62468262631687,C,Donna Anderson,Williamtown
18,32.18533953643956,32.377961568762196,B,Rebecca Ortiz,Smithton
28,21.2103275851268,23.37010257215572,B,Chad Collins,North Austinland
29,44.84053775616532,29.654358551219044,A,Robert Mays,South Robert
31,9.486459488996246,21.711766055250653,B,Andrea Gonzales,Francisside
25,122.03129984512638,15.33077742386647,A,Michael Patterson,Leslieton
48,3.042852439117945,19.083014300365207,A,Kathryn Parker,West Loriside
24,2.0829137628848313,7.5741425694269555,A,Gilbert Austin,Caseyborough
63,3.1547695794856074,14.229493553284565,B,David Alexander,Valerieborough
71,160.6353692185806,20.055547964153593,D,Marcus Dickerson,Langborough
48,12.914650136182445,29.1722204163992,B,Elizabeth Fleming,Hunterborough
33,2.096221695279203,43.421053161543924,D,Jose Day,Davidchester
59,9.963944986342694,29.314875838698423,D,Robin Francis,East Thomas
56,46.95755768585347,26.28223715703662,B,Lisa Soto,Rodriguezview
71,64.58617128239196,22.219945622494222,B,Andrew Thompson,Lake Kellyborough
61,19.757615757579345,9.8578389991317,B,Debbie Burnett,Lake Haileyshire
36,100.86942356127693,38.49056683972559,D,Robert Cruz,New Donaldshire
25,49.665751278803626,14.761032124039117,A,Melissa Mcdonald,Austinstad
46,34.88654220281351,18.936523907210574,A,Denise Smith,Virginiaberg
19,21.297652752960712,29.759264341893406,D,Rachel Williams,Hendersonview
59,8.883694638032276,29.61662628977641,B,Brian Holland,South Markchester
20,23.550417162815464,29.94947047775069,B,David Barnett,Port Davidmouth
68,10.917044048204453,22.19733774738414,C,Laura Mcconnell,Jonesland
46,2.9048251460826293,40.42341931569888,D,Laurie Moss,New Matthewside
32,159.77442375721088,17.941862987180116,C,April Simmons,West Theresa
55,43.48197510203872,57.02598356332953,D,Jennifer Roman,Taylorport
45,235.35304748506096,5.664369777323735,C,Chelsea Lowe,Turnerberg
72,7.255058900732025,19.311268697356603,C,Sarah Aguilar,New Justinfort
54,7.512366985102802,46.29520905258439,B,Nathaniel Newman,New Ashley
49,95.58238057324309,16.59652862884608,D,James Martinez,Buchananbury
47,25.095750601057016,42.28545271177551,B,Sara Bradford,Gonzaleston
68,91.5445222800859,50.17587303462731,C,William Nelson,Ramseyshire
78,71.35871572964369,44.87828573706281,A,Henry Hudson,North Alyssa
64,62.309102653495664,41.97151086593116,B,Karen Stephens,Brettville
47,0.9761006909923952,9.869346383378492,A,Melissa Miranda,West Katelyn
68,235.33146290785598,37.56297525897724,C,Nathan Horton,Port William
51,19.58190940213709,20.300728073160702,B,Vanessa Ray,East Mandymouth
30,6.061811732937726,21.51837388550557,B,Christian Johnson,Morrisberg
50,87.04041898733323,17.364360456533255,B,Damon Rivera,South Michaelland
59,76.67540675898671,60.702546157866344,B,Bobby Goodwin,New Victoria
34,19.599610820059965,36.002485789621886,A,Kristin Peterson,West Felicia
20,1.0425837571390582,55.51710108414798,A,Tina Warner,East Makaylafort
26,6.438810439861307,6.242643149665929,D,Crystal Mathis,Tracihaven
69,37.898730917432815,3.288124234107758,C,Joseph Washington,Lake Williamtown
79,17.641856150533048,24.58014838202463,D,Elizabeth Lynn,Port Nicholashaven
28,2.4743850146747497,28.100260183576044,D,Gina Ward,East Shelley
66,62.31481961129147,34.58452450686424,B,James Bishop,South Davidstad
44,10.696990059842229,17.396295340409086,A,Michael Welch,Eatonville
45,1.3824296002847907,28.9351875817574,C,John Clay,South Kimberly
74,92.3606718851259,18.539199592610267,D,Jennifer Ellis,New Davidfurt
74,34.64619895895581,11.315661782681708,A,Kevin Ward,Annetteberg
19,37.47927927435762,62.17655802365646,D,Hannah Ellis,Kathrynfurt
18,4.412514900809453,34.241694188339544,A,Michael Murray,Kathrynside
23,14.181786659700572,68.54807438208317,D,Kevin Mckee,Brightview
42,52.38252639542121,42.91277824252887,B,Stephanie Simmons,Port Robert
52,14.268554555883101,22.386735828830577,C,Joe Baird,New Matthewmouth
33,23.781054989693033,44.661023621732184,B,Joshua Hill,South Emily
21,34.93935534035765,7.0937998941358495,A,Dean Wood,Oliverchester
78,15.172022093195668,24.862242946671543,A,Amber Bishop,West April
64,22.548553262542267,5.402822637628506,D,David Simon,Jennifertown
55,1583.5502399074117,47.95900086933113,C,Lindsey Sandoval,Kennethville
61,77.42848291318636,59.92214998776152,A,Corey Cobb,West Robinstad
37,8.922754651251232,28.818640714372172,D,Joseph Davis,Patelstad
42,14.868679558497789,39.230711008201986,B,Valerie Farmer,East Matthew
24,7.573170108510821,10.814047523387682,D,Donald Davis,North Zacharybury
38,3.1208192288851646,17.73850637279662,A,Brittany Vargas,Kevinton
24,399.47168473991576,36.73609157077284,B,Brent Pittman,Stoneburgh
46,2.3800743623409923,41.451022222073426,B,Olivia Johnson,East Thomas
69,4.881034685814067,25.17095892444219,C,Jeremy Johnson,West Jeremiahville
24,112.74257574922574,23.954139291303957,C,Katherine Stephens,North Jennifer
20,60.434351283420206,21.896036554693424,D,Alan Saunders,Jacobshire
46,157.9806090855922,54.364293404696326,C,Denise Gonzalez,Espinozaberg
46,60.61666916785413,46.978635557602175,B,Michael Clark,Mirandashire
56,60.83356474266248,4.345195231109917,B,Bradley Lopez,North Robertside
55,38.95086630645916,22.09201354453267,D,Kara Campbell,Port Douglas
77,58.66693498829465,69.60522898707495,A,Jason Boyd,East Donna
23,251.62173827447683,72.49771614887264,A,Derek Key,Stephensmouth
63,241.43984858451634,19.273416705763026,B,Michael Norris,Melissaport
27,36.112145274092626,55.460885951304476,B,Gregory Gregory,Krystalberg
54,8.172430222443808,31.650343157898693,B,Joshua Hamilton,Hamiltonborough
72,10.262628348528896,15.3804468411159,D,Michael Gomez,Noahburgh
31,109.7321751894421,16.69937454308985,B,Jay Malone,East Douglasberg
39,12.639946622706454,52.39573898882014,A,Andrew Davis,New Michaelhaven
77,228.56848784227859,24.028428445031984,B,Kevin Wagner,East Josephview
49,40.25803647229591,5.39932663073552,D,Tyler Freeman,Port Kaitlyn
35,28.723653650194017,40.54563938628796,A,Sandra Campbell,North Paula
53,1.6198502925483282,29.870601789920677,A,Whitney Patrick,East Lisa
63,6.407281560917085,28.7172081152448,C,Olivia Howe PhD,Ericport
69,47.57362650202253,58.277168293173254,A,Mrs. Kathryn Smith,Bennettstad
76,3.836441688749693,22.94395659700328,A,Joseph Ramirez,Kaylaland
26,31.31507577051452,30.7540044591629,A,Jenny Daniel,Taraberg
43,6.30927473977389,27.816903429073257,B,Matthew Taylor,Lopezhaven
39,44.14338181540153,12.53637442481532,A,Danielle Yates,New Allenstad
63,81.20514143401168,21.602229631096797,A,Michael Lopez,Lake Saramouth
55,1.2979924855363325,8.089294310463726,C,Misty Haney,South Jenniferhaven
40,2.896552764820251,26.194448117329856,B,Danielle Garcia,Christopherhaven
34,177.49626278722877,33.99826535809374,B,Brittany Gardner,Davidtown
43,1.4979878421505726,17.673079654532376,D,Whitney Green,New Jeremy
64,16.480668902131583,31.007547603837438,D,Crystal Burch,Susanville
73,15.640576351814065,28.629727432763634,C,Cynthia Davis,South Zoe
55,23.07343746041062,16.885637414989212,C,Charles Patterson,Gomezborough
19,0.7734801265832385,4.804974620759458,D,Jennifer Woods,Port Jacobland
23,161.2105056348244,11.58538175206101,D,Sherry Henry,Nguyenstad
24,64.16690978592425,16.452314822143858,A,Taylor Mosley,Port Brittanytown
30,82.18297333449367,57.880801333434384,D,Zachary Lamb,West Cynthia
44,39.03227404247452,42.52420706702139,C,Kevin Shaw,West Christyton
28,6.904397526244005,18.394464910319932,C,Michael Martin,East Jennifer
77,93.93487634011326,11.383959713744773,A,Phillip Casey,East Kylie
72,509.30353937951867,29.79213080523197,C,William Chavez,North Steven
32,8.284243387778943,34.72085919715782,B,Jesus Patel,Lake Michael
26,31.471444365591285,3.9224881958699926,C,Janice Reynolds,Hendersonside
25,7.144331313434317,23.165785957608076,A,Sheri Cruz,Smithmouth
63,9.015067029293245,33.779584187203625,C,Christina Hernandez,South Holly
23,43.30795361859772,24.77401032984857,B,Amber Diaz,Port Desireeland
65,49.83275694025128,9.301861693122035,B,Anthony Soto,New Andreashire
77,0.4235584574945487,14.05855143970205,C,Ashley Wilcox,Patriciamouth
60,162.64742887687288,17.92421002335991,A,Francisco Turner,Davidton
21,14.350867304529181,37.820194541819866,A,Jonathan Zhang,West Michaelside
28,11.388371683057324,6.58949630235341,B,Elizabeth Henderson,Port Jessica
68,10.477851391089946,10.149877803026339,D,Eric Gray,Lake Darleneburgh
75,420.3333764519464,18.918270735248925,B,Deborah Hall,Port Bryan
45,33.16616712827547,18.84284909637206,D,David Shannon,Morrisonmouth
43,47.3276516143386,6.974421320348791,D,Brandon Farmer,North Danfort
21,19.00428602671993,29.688875510360724,C,Phyllis Yates,Amandaborough
79,64.91872483567474,26.900175061976555,C,Robert Woods,Port Omar
32,6.310197349535822,6.6035906412824765,A,Emily Gonzalez,West Ashleyton
36,26.19686225293067,1.5893285665572643,B,Lisa Marshall,North Gregoryberg
23,97.94048238085483,7.2764695371385635,D,Joshua Foster,New Leonardstad
76,604.2810093917511,22.788683089521694,A,Suzanne Townsend,New Michaelmouth
22,4.266021589903596,20.931496557659305,A,Scott Smith,Carpentershire
35,222.84000633186622,14.837027244977572,D,Jeffrey Jones,Gonzalesshire
23,0.9013199016855219,44.430803538293226,C,Joshua Brown,North Leonardfurt
48,1.382659019223986,45.53422781587164,D,Kaitlyn Morgan,New Kellymouth
42,2.1525849270251727,40.31957976276915,B,Melissa Johnson,Herrerahaven
21,8.47255869174913,28.49436556503334,C,Jennifer Gregory,Danieltown
23,30.390810590328353,37.25291671252935,D,Michael Butler,Milesport
58,29.628697938245868,29.443863835804663,C,Megan Massey,Port Dakota
54,13.886174215976816,32.23876928031804,D,Joel Fisher,Taylorport
76,6.471397370733341,49.06090838309824,A,Mary Murphy,New Brandi
67,81.84672391791833,67.03805137085831,A,Alison Mason,East Justinmouth
73,54.57781084471959,35.72116815219388,B,Rodney Graham,Lake Leah
42,15.05972807899221,18.432417076787093,D,Timothy Smith,West Jasonside
51,37.90380157372926,33.956885428261906,A,Brittany Carr,East Leeborough
36,117.50997157077056,42.86327273320717,A,Anita Baker,Lake Matthew
51,321.5027957105144,18.11262056436881,C,Carolyn Barry,North Kelly
32,6.657582067862561,50.648850002344034,C,Francis Dillon,North Williamburgh
67,30.593557250969234,20.528230809311758,B,Mary Potts,South Samantha
25,29.722565000701927,23.539789207053197,A,Jason Torres,West Kristieburgh
71,4.09981889356146,35.011892323632416,A,Cynthia Mitchell,Stevenview
61,8.833574191021862,17.960869673279863,A,Jessica Mendoza,Port Meredith
64,50.19742982954236,8.118398490640645,D,Jesse Warner,Port Travismouth
66,56.68842988982265,23.431076998430868,C,Yolanda Lewis,Lake Stevenhaven
70,34.95096466436412,14.302089295515236,D,Jay Sims,North Jenniferburgh
51,20.477127305950514,26.69745046722239,C,Latoya Everett,Lake Sean
35,7.508253241118418,59.763923974278065,C,Beth Perkins,Davisburgh
47,32.93477408978143,5.598465505120751,C,Michael Johnson,Ramirezhaven
30,1.1005850652196818,9.04392455402042,A,Donald Johnson,Scottmouth
72,220.81059653574442,16.69897613177506,B,Jeffrey Suarez,Mackberg
64,42.110449836353894,13.024315199503675,D,Nicole Torres,Richardtown
72,30.634697198938586,29.391753266099478,B,Ryan Hanson,North Bryan
50,46.34499515100079,21.326731281843394,D,Nathan Gray,South Adamshire
52,38.2929767749061,9.14649902033718,D,Charlene Wilson,Mercerside
69,0.3977644492343993,56.45116362800172,A,Megan Jackson,South Denisetown
41,41.27094241971147,12.80877468538353,A,Mitchell Schwartz,Robertmouth
78,6.532700573390213,29.103767545798924,A,Holly Mcintosh,Lake Brittany
43,4.174106370063696,54.896127978911636,C,Dennis Myers,Brookschester
64,16.901822625642698,18.53586205601609,C,Samuel Miller,Saundersview
68,29.180251032483955,12.655708760343801,B,David Lewis,South Nicoleland
61,14.444649889815562,16.089332525132434,A,Vanessa Parker,North Dennisfurt
70,27.92710990123216,51.069642190758955,C,Courtney Gutierrez,Coryshire
59,7.518556674493602,56.91498894180684,D,Jason Wiggins,North Luishaven
64,6.123438188610187,53.146634640684475,D,Valerie Gibson,North Dianeberg
18,14.441921832138464,21.36794048980521,D,Mark Jones,West Amy
30,30.944811837646263,17.746468179219754,B,Jeffrey Moore,Jamesbury
72,46.95270916172654,22.637651436617393,B,Cody Bullock,South Denisemouth
27,45.610329507978356,43.21199736276938,D,Phillip Mcdonald,Cherylfort
36,57.949435420584905,34.38134889213885,C,Christine Scott,North Ashley
22,5.851596046181945,7.558803909475762,B,Ronald Benton,Josephville
25,7.846747098622686,43.01548786543511,A,Jody Espinoza,Port Jeremyborough
21,5.273834276457699,51.18336608881617,D,Kristi Jones,North Dustin
66,11.607288234262496,24.78415482019389,C,Patrick Knapp,Bartlettburgh
30,11.492055386757778,9.319757921838477,B,Michaela Edwards,South Deanmouth
55,4.536231418603125,16.20554522768307,D,Teresa Williams,Allenside
70,18.72165110369494,49.691809915220674,D,Kimberly Chavez,Sandersmouth
63,6.587484201919998,10.621890930841833,C,Seth Burns,East Micheal
66,1.3392328924039607,12.580975259696633,B,Savannah Tanner,Brianborough
63,18.080951479957584,36.44363433097285,A,Amy Bennett,North Paul
36,12.837024559935227,18.185057756335617,A,Teresa Thompson,Smithville
69,19.65503513737355,47.40509737364333,B,Joseph Buck,Matthewmouth
67,5.106645395052752,32.860830283909145,D,Jennifer Simpson,North Taylor
25,38.09601780046238,29.799609029369726,B,Zachary Landry,New Christopherstad
44,38.660439262250684,31.512582101989434,A,Martin Chan,Gloriaburgh
67,26.308663636407466,6.654452300191617,B,Jimmy Bass,North Anthony
64,6.5625005856973315,50.193794667953206,D,Kathleen Hoover,Staceyport
47,9.527673018661718,5.129734417372067,D,Dr. Ernest Becker,New Amyton
21,52.05606906585462,31.40242981968699,C,Amanda Turner,East Christinemouth
28,37.16244699016414,44.395928485128714,D,Lisa Morrow,Gregoryside
38,30.338887455188498,29.03909365279949,C,Matthew Spencer,Lisaville
60,17.240163247106988,32.96470604299451,C,Ashley Mason,Lake Abigailbury
19,22.62557767613483,66.24798185355911,B,Jeffrey Everett,Lake Mary
73,60.612530919654716,14.871569333357437,A,Angela Smith,West Ericatown
38,2.26602440867431,37.734791570506296,C,Frank Hill,East Robert
34,194.7979347569133,14.182533569194005,D,John Cantu,Nathanville
60,5.514520487214037,14.057762495310591,B,Jason Hood,Jasonmouth
68,4.584637672596936,5.551400352323064,A,Lisa Ortiz,North Joshuafort
46,10.71788110339555,5.247504054951258,C,Thomas Miranda,West Oscar
44,58.384397698563774,42.9228788183895,D,Michael Johnson,East Ericview
41,11.940628735969884,19.374331372649877,D,Seth Lopez,Lake Tina
70,7.16101844512619,35.58303872038478,D,Elizabeth Rodriguez,New Russellhaven
66,74.63717875613636,15.512708954376226,B,Brooke King,South Scottmouth
20,7.954536666272906,20.790658880803313,C,Patricia West,Hopkinsbury
56,29.070122078891494,27.23846216196806,D,Vanessa Jones,North Diana
27,28.37148168689892,32.29958268230241,C,Charles Lindsey,East Lindaland
20,118.01323178508956,13.32759061431793,D,Jeffrey Arnold,South Katherine
70,651.4908420732681,63.51559900065311,A,Mary Washington,South Christopherfort
62,10.358113221465867,58.74203027632401,B,Daniel Hernandez,West Angelaburgh
59,0.6424844895742683,12.524568419233962,D,Jennifer Willis,Jacobton
43,508.61213599129223,54.33336713918591,D,Mary Johnston,Sarachester
78,7.25171396597059,29.18618810535557,C,Dustin Stout,West Aaron
71,45.66701476105309,54.28667596356023,A,Casey Butler,New Sherryfurt
54,13.67891208030856,13.696420762580907,D,Jill Dawson,Ericashire
44,3.147720061065489,35.211495960400704,A,Christian Bell,Hamiltonbury
22,9.23753280871959,21.945537979526865,D,Patrick Huang,Lake Lisastad
59,14.484431527531745,9.62853593226223,C,Dawn Reynolds,Zunigatown
28,39.328734523382124,19.89478067838987,C,Angela Dominguez,East Mary
30,47.09810493146306,62.88063947965553,D,Tim Brown,Lake Kimberly
58,35.97222491438725,20.649265354701807,B,Mark Smith,Dannytown
51,21.187223275864284,21.989497046199737,D,Brittany Valdez,New Eric
55,6.288946564746392,35.94533772400259,C,Pamela Oneal,South Rachelton
57,2.54820284633074,55.36311872321864,A,Christina Greer,West Jacobborough
50,54.590934942066255,54.76603266232504,A,Mr. Michael Alexander MD,South Richard
76,7.605746545465638,61.37163452129527,B,Misty Hubbard,New Susan
51,26.08461106306441,2.0962396664370546,C,Joshua Young,Marisamouth
44,15.280138500123178,41.424499255735626,D,Stephanie Duncan,Gonzalezhaven
53,9.92507437707063,21.220747891978174,D,James Spencer,Baileyport
43,26.0051462753955,24.037597267835945,D,Marie Ross,Tinaland
68,41.18997621711909,25.90031372768048,C,Ashley Chambers,West Alanville
42,115.37909342289979,16.528860333331192,D,Lisa Curry,East Jerryview
36,28.607371450337425,12.531329606242364,C,Michael Welch,South Markmouth
38,35.72513215526433,44.37294633186033,A,Brian Adams,New Julie
48,123.80516657144719,19.568702307353178,C,Sharon Henderson,South Williamfurt
46,27.94669562394059,17.542606468749668,A,Ryan Villa,Rodriguezshire
26,34.88061030389153,26.775461685406505,C,Jonathan Larson,North Heathermouth
36,1.478198305655847,54.84016466563115,D,Jennifer Barron,Jeremybury
43,20.997210370102426,56.567881723237065,C,Connie Garza,South Susanfort
42,0.9226421486427675,22.699840303578544,D,Katelyn Sweeney,North Michael
57,21.84752920275991,11.632204615459164,D,Derrick Martinez,East Nancyborough
60,10.284435121668883,35.97782784178371,A,Judy Duncan,Rivasview
77,35.64345580378765,18.490722322958128,D,Judy Wilcox,Rileyport
46,57.315345822550455,54.730241987227835,D,John Evans,West Paulland
42,40.12927541088458,34.25509910424139,D,Eric Pittman,Brownborough
36,24.207296580203103,15.755439189177784,A,Emily Bowers,Gordonberg
21,13.216873222329893,13.09354649605787,C,Thomas Johnston,Port Michelle
62,800.505643142793,20.889606136245465,D,Michael Shields,New Karatown
37,20.88369517196647,57.72868436446519,D,Mr. Matthew Stewart MD,Haydenmouth
63,16.80239891134019,49.589308716226256,C,Matthew Martinez,Normanmouth
72,4.903279173674765,24.503001181382125,B,Kristin Arellano,South Kristenburgh
18,10.52804681178891,51.73763122661431,B,Grant Martin,Ashleybury
28,57.460547134083114,47.86183935548694,D,David Fleming,Bakerfort
21,68.30440267193366,20.271341568150266,C,Ana Conley,Marcton
24,5.037223804903009,15.66374208463294,B,Shawn Lam,Brookeburgh
45,24.363683459614904,27.3341235957174,C,Lauren Lopez,Longfurt
53,1.037410299249906,18.17032426777786,A,James Weber,New Cody
75,15.449394248372757,27.012956620578425,C,Nicholas Bell,New Lisastad
24,1.131591405512872,33.75544587610805,B,Nicole Rodriguez,Leonville
37,24.04647844450325,40.499059782825626,B,Christine Brown,Ryanborough
52,21.47574437591432,2.68133745177161,C,Wesley Wallace,East Mitchell
68,21.54889814651536,40.546235562100755,B,Kristin Gonzalez,Michelefurt
